disaster_type,level,version,status,asset
풍수해,위기관리 표준매뉴얼,2025-12-26,비식별 공개용 사본,assets/manuals-anonymized/풍수해/01_위기관리_표준매뉴얼/풍수해_위기관리_표준매뉴얼_공개용.hwpx
풍수해,위기대응 실무매뉴얼,,미확보,
풍수해,현장조치 행동매뉴얼,2026 공통개정 반영,비식별 예시,assets/manuals-anonymized/풍수해/03_현장조치_행동매뉴얼/풍수해_현장조치_행동매뉴얼_공개용.hwpx
해양오염,위기관리 표준매뉴얼,2026-01-08,비식별 공개용 사본,assets/manuals-anonymized/해양오염/01_위기관리_표준매뉴얼/해양오염_위기관리_표준매뉴얼_공개용.hwpx
해양오염,위기대응 실무매뉴얼,2025-04-15~2026-01-12,관계기관별 4종 비식별 사본,assets/manuals-anonymized/해양오염/02_위기대응_실무매뉴얼/
해양오염,현장조치 행동매뉴얼,2026-01-15,비식별 예시,assets/manuals-anonymized/해양오염/03_현장조치_행동매뉴얼/해양오염_현장조치_행동매뉴얼_공개용.hwpx
해양재난,위기관리 표준매뉴얼,2026-01-08,비식별 공개용 사본,assets/manuals-anonymized/해양재난/01_위기관리_표준매뉴얼/해양재난_위기관리_표준매뉴얼_공개용.hwpx
해양재난,위기대응 실무매뉴얼,,미확보,
해양재난,현장조치 행동매뉴얼,,미확보,
산불,위기관리 표준매뉴얼,2024 일부개정안,최신 승인본 확인 필요,assets/manuals-anonymized/산불/01_위기관리_표준매뉴얼/산불_위기관리_표준매뉴얼_개정안_공개용.hwpx
산불,위기대응 실무매뉴얼,,미확보,
산불,현장조치 행동매뉴얼,2026-01-02,비식별 예시,assets/manuals-anonymized/산불/03_현장조치_행동매뉴얼/산불_현장조치_행동매뉴얼_공개용.hwpx
도로재난,위기관리 표준매뉴얼,,미확보,
도로재난,위기대응 실무매뉴얼,,미확보,
도로재난,현장조치 행동매뉴얼,2026 공통개정 반영,법정 단계 확인 필요,assets/manuals-anonymized/도로재난/03_현장조치_행동매뉴얼/도로재난_현장조치_행동매뉴얼_공개용.hwpx
