category,title,year,source_url,local_asset,accessed_date,distribution_note
guidance,2026년 안전한국훈련 가이드북(훈련담당자용),2026,https://www.mois.go.kr/frt/bbs/type001/commonSelectBoardArticle.do?bbsId=BBSMSTR_000000000015&nttId=124831,assets/official-guidance/2026_안전한국훈련_가이드북_훈련담당자용.pdf,2026-10-08,행정안전부 공개 게시물
guidance,2026년 안전한국훈련 가이드북(평가위원용),2026,https://www.mois.go.kr/frt/bbs/type001/commonSelectBoardArticle.do?bbsId=BBSMSTR_000000000015&nttId=124831,assets/official-guidance/2026_안전한국훈련_가이드북_평가위원용.pdf,2026-10-08,행정안전부 공개 게시물
guidance,2026년 안전한국훈련 평가지표 설명,2026,https://www.mois.go.kr/frt/bbs/type001/commonSelectBoardArticle.do?bbsId=BBSMSTR_000000000015&nttId=124831,assets/official-guidance/2026_안전한국훈련_평가지표_설명.pdf,2026-10-08,행정안전부 공개 게시물
manual,위기관리 매뉴얼 체계 안내,2026,https://www.mois.go.kr/frt/sub/a06/b11/crisisManual/screen.do,,2026-10-08,원문 매뉴얼은 승인·배포 범위를 확인하고 비식별화 후 사용
guidance,2026년 안전한국훈련 평가 및 컨설팅 계획,2026,,assets/official-guidance/2026_안전한국훈련_평가_및_컨설팅_계획.pdf,2026-10-08,로컬 보유 공식 배포본
guidance,위기관리 표준매뉴얼 작성기준,2024,,assets/official-guidance/2024_위기관리_표준매뉴얼_작성기준.pdf,2026-10-08,로컬 보유 공식 교육자료
indicator,2026년 중앙부처 안전한국훈련 평가지표,2026,,assets/official-guidance/1. (중앙) 2026년 재난대응 안전한국훈련 평가지표.hwpx,2026-10-08,로컬 보유 공식 배포본
indicator,2026년 시도 안전한국훈련 평가지표,2026,,assets/official-guidance/2. (시도) 2026년 재난대응 안전한국훈련 평가지표.hwpx,2026-10-08,로컬 보유 공식 배포본
indicator,2026년 시군구 안전한국훈련 평가지표,2026,,assets/official-guidance/3. (시군구) 2026년 재난대응 안전한국훈련 평가지표.hwpx,2026-10-08,로컬 보유 공식 배포본
indicator,2026년 공공기관 안전한국훈련 평가지표,2026,,assets/official-guidance/4. (공공기관) 2026년 재난대응 안전한국훈련 평가지표.hwpx,2026-10-08,로컬 보유 공식 배포본
